[{"@type":"mappingTemplate","id":"@1","name":"Beckman_repro - Copy 1","description":"","bundleVersion":"0","templateId":"@3","deployTime":1719511759000,"hasParameters":false,"valid":false,"fixedConnection":true,"hasParametersDeployed":false,"fixedConnectionDeployed":true,"isSchemaValidationEnabled":false,"tasks":1,"mappingPreviewFileRecordId":"@2","documentType":"MAPPING","references":[{"@type":"reference","refObjectId":"@7VZeqEhcEmZeyF8Ry81Kw2","refType":"connection"},{"@type":"reference","refObjectId":"@aWuH9bTzP6vkhcDVizLba5","refType":"customFunc"},{"@type":"reference","refObjectId":"@0T86A7xJ8mlkPsfnZyqeIN","refType":"connection"}]}]