[{"@type":"mappingTemplate","id":"@1","name":"odata_repro","description":"","bundleVersion":"0","templateId":"@3","deployTime":1726483246000,"hasParameters":false,"valid":true,"fixedConnection":true,"hasParametersDeployed":false,"fixedConnectionDeployed":true,"isSchemaValidationEnabled":false,"tasks":1,"mappingPreviewFileRecordId":"@2","documentType":"MAPPING","references":[{"@type":"reference","refObjectId":"@fFE9rcihOQ4e9ULRmoDfQf","refType":"connection"},{"@type":"reference","refObjectId":"@8TNRVzDGWj7bPLTqfvHt26","refType":"connection"}]}]