[{"@type":"mappingTemplate","id":"@1","name":"Shure_Repro","description":"","bundleVersion":"0","templateId":"@3","deployTime":1712133036000,"hasParameters":false,"valid":true,"fixedConnection":true,"hasParametersDeployed":false,"fixedConnectionDeployed":true,"isSchemaValidationEnabled":false,"tasks":0,"mappingPreviewFileRecordId":"@2","documentType":"MAPPING","references":[{"@type":"reference","refObjectId":"@aQUfbThlC7VeHRtb9AcGKP","refType":"connection"},{"@type":"reference","refObjectId":"@7Hyv5ii8SYxfQ2BV8cflKh","refType":"connection"}]}]