[{"@type":"mappingTemplate","id":"@1","name":"major release salesforce","description":"","bundleVersion":"0","templateId":"@3","deployTime":1712828603000,"hasParameters":false,"valid":true,"fixedConnection":true,"hasParametersDeployed":false,"fixedConnectionDeployed":true,"isSchemaValidationEnabled":false,"tasks":1,"mappingPreviewFileRecordId":"@2","documentType":"MAPPING","references":[{"@type":"reference","refObjectId":"@69DWSyVr2aPbg5ptFYnAop","refType":"connection"},{"@type":"reference","refObjectId":"@caWWILfKYy0b1zbalXJ7cj","refType":"connection"}]}]