[{"@type":"mappingTemplate","id":"@1","name":"04659266_repro","description":"","bundleVersion":"0","templateId":"@3","deployTime":1716188888000,"hasParameters":false,"valid":true,"fixedConnection":true,"hasParametersDeployed":false,"fixedConnectionDeployed":true,"isSchemaValidationEnabled":false,"tasks":0,"mappingPreviewFileRecordId":"@2","documentType":"MAPPING","references":[{"@type":"reference","refObjectId":"@aQUfbThlC7VeHRtb9AcGKP","refType":"connection"},{"@type":"reference","refObjectId":"@8JPBiD4zAsgcj5QubtrdKe","refType":"connection"}]}]