[{"@type":"mappingTemplate","id":"@1","name":"Mapping366","description":"","autoExpireObject":false,"bundleVersion":"0","assetFrsGuid":"6rwdxYro7wgevPqsU4o9g3","templateId":"@3","deployTime":1714558683000,"hasParameters":true,"valid":true,"fixedConnection":true,"hasParametersDeployed":true,"fixedConnectionDeployed":true,"isSchemaValidationEnabled":false,"tasks":1,"mappingPreviewFileRecordId":"@2","documentType":"MAPPING","references":[{"@type":"reference","refObjectId":"@5ONK3HsKJeFc0TcQyvdfgh","refType":"connection"}]}]