[{"@type":"mtTask","id":"@1","name":"TM_Datatype_issue","autoExpireObject":false,"runtimeEnvironmentId":"@5dffDbOOI5DblXRwAWecCM","maxLogs":10,"verbose":false,"lastRunTime":1738913699000,"mappingId":"@bchBipjcPSAcQix8i6ZPS1","frsGuid":"4TkEFnIo8sVc16MmxA8sg3","sessionPropertiesList":[{"name":"Pushdown Optimization","value":"None","recommended":false},{"name":"Pushdown Optimization Context","value":"None","recommended":false},{"name":"Pushdown Optimization Fallback Option","value":"Partial PDO","recommended":false}],"hidden":false,"enableCrossSchemaPushdown":true,"enableParallelRun":false,"autoTunedApplied":false,"autoTunedAppliedType":"NONE","paramFileType":"PARAM_FILE_LOCAL","schemaMode":"async","valid":true,"schemaValidationErrorCount":-1,"serverlessProperties":{},"taskProperties":[{"@type":"taskProperty","name":"parameterFileDir","currentValue":"","type":"STRING","label":"label.parameterFileDir","required":false},{"@type":"taskProperty","name":"parameterFileName","currentValue":"","type":"STRING","label":"label.parameterFileName","required":false},{"@type":"taskProperty","name":"outboundMessageUrlQueueTime","currentValue":"","type":"NUMBER","label":"label.outboundMessageUrlQueueTime","required":false},{"@type":"taskProperty","name":"outboundMessageUrlToken","currentValue":"","type":"STRING","label":"label.outboundMessageUrlToken","required":false}],"optimizationPlan":"NONE","isMidstreamPreview":false,"parameters":[{"@type":"mtTaskParameter","id":989135625,"name":"$Source$","type":"SOURCE","label":"Source","uiProperties":{"connectionParameterized":"false","isSelectDistinct":"false","objectParameterized":"false","visible":"false","flags":"SUPPORTS_MULTI_SCHEMA","originalPath":"Source"},"sourceConnectionId":"@2A1WY95yfcXcz0TZJIVDwD","sourceObject":"DUMMY_Source","newFlatFile":false,"newObject":false,"showBusinessNames":false,"naturalOrder":true,"truncateTarget":false,"bulkApiDBTarget":false,"customFuncCfg":{"@type":"customFuncConfig","id":-1,"connections":[],"inputMap":[],"outputFields":[]},"targetRefsV2":{},"targetUpdateColumns":[],"runtimeAttrs":{},"isRESTModernSource":true,"customQuery":"select to_char(Weight) as Carton_Weight from c04624587.DECIMAL_MANUAL_VS_SCHEDULER","isFileList":false,"handleSpecialChars":false,"handleDecimalRoundOff":false,"frsAsset":false,"dynamicFileName":false,"excludeDynamicFileNameField":false,"currentlyProcessedFileName":false,"retainFieldMetadata":false,"objectName":"DUMMY_Source","useExactSrcNames":false,"userUpdated":true,"fetchMode":"ORIGINAL","tgtObjectAttributes":{},"runtimeParameterData":{"@type":"mtTaskRuntimeParameterData","isConnectionRuntimeParameter":false,"isObjectRuntimeParameter":false},"overridableProperties":[],"overriddenFields":[]},{"@type":"mtTaskParameter","id":989135626,"name":"$Source1$","type":"SOURCE","label":"Source1","uiProperties":{"connectionParameterized":"false","isSelectDistinct":"false","objectParameterized":"false","visible":"false","flags":"SUPPORTS_MULTI_SCHEMA","originalPath":"Source1"},"sourceConnectionId":"@2A1WY95yfcXcz0TZJIVDwD","sourceObject":"DUMMY_Source1","newFlatFile":false,"newObject":false,"showBusinessNames":false,"naturalOrder":true,"truncateTarget":false,"bulkApiDBTarget":false,"customFuncCfg":{"@type":"customFuncConfig","id":-1,"connections":[],"inputMap":[],"outputFields":[]},"targetRefsV2":{},"targetUpdateColumns":[],"runtimeAttrs":{},"isRESTModernSource":true,"customQuery":"select to_number(Weight) as Carton_Weight from c04624587.DECIMAL_MANUAL_VS_SCHEDULER","isFileList":false,"handleSpecialChars":false,"handleDecimalRoundOff":false,"frsAsset":false,"dynamicFileName":false,"excludeDynamicFileNameField":false,"currentlyProcessedFileName":false,"retainFieldMetadata":false,"objectName":"DUMMY_Source1","useExactSrcNames":false,"userUpdated":true,"fetchMode":"ORIGINAL","tgtObjectAttributes":{},"runtimeParameterData":{"@type":"mtTaskRuntimeParameterData","isConnectionRuntimeParameter":false,"isObjectRuntimeParameter":false},"overridableProperties":[],"overriddenFields":[]},{"@type":"mtTaskParameter","id":989135627,"name":"$Target$","type":"TARGET","label":"Target","uiProperties":{"connectionParameterized":"false","objlabel":"tar_conn_varhar","origobjlabel":"","objectParameterized":"true","objDesc":"","objectParamName":"tar_conn_varhar","objectParamType-mapping":"DataObject","flags":"SUPPORTS_MULTI_SCHEMA","defaultTargetUpdateColumns":"","fieldMappingParameterized":"true","supportApplyDDLChanges":"false","originalPath":"Target"},"targetConnectionId":"@2A1WY95yfcXcz0TZJIVDwD","targetObject":"DATATYPE_ISSUE_VARCHAR","targetObjectLabel":"DATATYPE_ISSUE_VARCHAR","newFlatFile":false,"newObject":false,"showBusinessNames":true,"naturalOrder":true,"truncateTarget":false,"bulkApiDBTarget":false,"operationType":"Insert","customFuncCfg":{"@type":"customFuncConfig","id":-1,"connections":[],"inputMap":[],"outputFields":[]},"targetRefsV2":{},"targetUpdateColumns":[],"extendedObject":{"@type":"extendedObject","singleMode":true,"filters":[],"sortFields":[]},"runtimeAttrs":{},"isRESTModernSource":true,"isFileList":false,"handleSpecialChars":false,"handleDecimalRoundOff":false,"frsAsset":false,"dynamicFileName":false,"excludeDynamicFileNameField":false,"currentlyProcessedFileName":false,"retainFieldMetadata":false,"objectName":"DATATYPE_ISSUE_VARCHAR","objectLabel":"DATATYPE_ISSUE_VARCHAR","useExactSrcNames":false,"userUpdated":true,"fetchMode":"ORIGINAL","tgtObjectAttributes":{},"runtimeParameterData":{"@type":"mtTaskRuntimeParameterData","isConnectionRuntimeParameter":false,"isObjectRuntimeParameter":true,"objectParameterName":"tar_conn_varhar","objectDefaultValue":"DATATYPE_ISSUE_VARCHAR"},"overridableProperties":[],"targetSchemaProviderType":"SELECTED_OBJECT","overriddenFields":[{"@type":"mtTaskOverriddenField","id":265592692,"name":"CARTON_WEIGHT","type":"nvarchar","precision":15,"scale":0}]},{"@type":"mtTaskParameter","id":989135628,"name":"$Target1$","type":"TARGET","label":"Target1","uiProperties":{"connectionParameterized":"false","objlabel":"tar_number","origobjlabel":"","objectParameterized":"true","objDesc":"","objectParamName":"tar_number","objectParamType-mapping":"DataObject","flags":"SUPPORTS_MULTI_SCHEMA","defaultTargetUpdateColumns":"","fieldMappingParameterized":"true","supportApplyDDLChanges":"false","originalPath":"Target1"},"targetConnectionId":"@2A1WY95yfcXcz0TZJIVDwD","targetObject":"DATATYPE_ISSUE_NUMBER","targetObjectLabel":"DATATYPE_ISSUE_NUMBER","newFlatFile":false,"newObject":false,"showBusinessNames":true,"naturalOrder":true,"truncateTarget":false,"bulkApiDBTarget":false,"operationType":"Upsert","customFuncCfg":{"@type":"customFuncConfig","id":-1,"connections":[],"inputMap":[],"outputFields":[]},"targetRefsV2":{},"targetUpdateColumns":["CARTON_WEIGHT"],"extendedObject":{"@type":"extendedObject","singleMode":true,"filters":[],"sortFields":[]},"runtimeAttrs":{},"isRESTModernSource":true,"isFileList":false,"handleSpecialChars":false,"handleDecimalRoundOff":false,"frsAsset":false,"dynamicFileName":false,"excludeDynamicFileNameField":false,"currentlyProcessedFileName":false,"retainFieldMetadata":false,"objectName":"DATATYPE_ISSUE_NUMBER","objectLabel":"DATATYPE_ISSUE_NUMBER","useExactSrcNames":false,"userUpdated":true,"fetchMode":"ORIGINAL","tgtObjectAttributes":{},"runtimeParameterData":{"@type":"mtTaskRuntimeParameterData","isConnectionRuntimeParameter":false,"isObjectRuntimeParameter":true,"objectParameterName":"tar_number","objectDefaultValue":"DATATYPE_ISSUE_NUMBER"},"overridableProperties":[],"targetSchemaProviderType":"SELECTED_OBJECT","overriddenFields":[{"@type":"mtTaskOverriddenField","id":265592693,"name":"CARTON_WEIGHT","type":"decimal","precision":15,"scale":2}]},{"@type":"mtTaskParameter","id":989135629,"name":"$number_FM$","type":"STRING","text":"decimal (15, 2) CARTON_WEIGHT=CARTON_WEIGHT;","label":"number_FM","description":"","uiProperties":{"paramName":"number_FM","paramLabel":"","paramType-mapping":"FieldMapping","paramtype":"Fieldmap","supressFieldmappingSuffix":"true","lefttitle":"Incoming Fields","righttitle":"Target Fields","isPwxMultiGroupFieldMapping":"false","objlabel":"Target Field Group:","originalPath":"Target1"},"newFlatFile":false,"newObject":false,"showBusinessNames":true,"naturalOrder":true,"truncateTarget":false,"bulkApiDBTarget":false,"customFuncCfg":{"@type":"customFuncConfig","id":-1,"connections":[],"inputMap":[],"outputFields":[]},"targetRefsV2":{},"targetUpdateColumns":[],"runtimeAttrs":{},"isRESTModernSource":true,"isFileList":false,"handleSpecialChars":false,"handleDecimalRoundOff":false,"frsAsset":false,"dynamicFileName":false,"excludeDynamicFileNameField":false,"currentlyProcessedFileName":false,"retainFieldMetadata":false,"useExactSrcNames":false,"userUpdated":true,"fetchMode":"ORIGINAL","tgtObjectAttributes":{},"runtimeParameterData":{"@type":"mtTaskRuntimeParameterData","isConnectionRuntimeParameter":false,"isObjectRuntimeParameter":false},"overridableProperties":[],"overriddenFields":[]},{"@type":"mtTaskParameter","id":989135630,"name":"$varchar_FM$","type":"STRING","text":"nstring (15, 0) CARTON_WEIGHT=concat(CARTON_WEIGHT, CARTON_WEIGHT);","label":"varchar_FM","description":"","uiProperties":{"paramName":"varchar_FM","paramLabel":"","paramType-mapping":"FieldMapping","paramtype":"Fieldmap","supressFieldmappingSuffix":"true","lefttitle":"Incoming Fields","righttitle":"Target Fields","isPwxMultiGroupFieldMapping":"false","objlabel":"Target Field Group:","originalPath":"Target"},"newFlatFile":false,"newObject":false,"showBusinessNames":true,"naturalOrder":true,"truncateTarget":false,"bulkApiDBTarget":false,"customFuncCfg":{"@type":"customFuncConfig","id":-1,"connections":[],"inputMap":[],"outputFields":[]},"targetRefsV2":{},"targetUpdateColumns":[],"runtimeAttrs":{},"isRESTModernSource":true,"isFileList":false,"handleSpecialChars":false,"handleDecimalRoundOff":false,"frsAsset":false,"dynamicFileName":false,"excludeDynamicFileNameField":false,"currentlyProcessedFileName":false,"retainFieldMetadata":false,"useExactSrcNames":false,"userUpdated":true,"fetchMode":"ORIGINAL","tgtObjectAttributes":{},"runtimeParameterData":{"@type":"mtTaskRuntimeParameterData","isConnectionRuntimeParameter":false,"isObjectRuntimeParameter":false},"overridableProperties":[],"overriddenFields":[]}],"sequences":[],"inOutParameters":[],"connRuntimeAttrs":[]}]