[{"@type":"mtTask","id":"@1","name":"Overriding_field_mapping","autoExpireObject":false,"runtimeEnvironmentId":"@5dffDbOOI5DblXRwAWecCM","maxLogs":10,"verbose":false,"lastRunTime":1740464368000,"mappingId":"@1DP4tfHcmHLjtZUW57EVEo","frsGuid":"9fTs8pgD8EXbgajhs4z5C0","sessionPropertiesList":[{"name":"Pushdown Optimization","value":"None","recommended":false},{"name":"Pushdown Optimization Context","value":"None","recommended":false},{"name":"Pushdown Optimization Fallback Option","value":"Partial PDO","recommended":false}],"hidden":false,"enableCrossSchemaPushdown":false,"enableParallelRun":false,"autoTunedApplied":false,"autoTunedAppliedType":"NONE","paramFileType":"PARAM_FILE_LOCAL","schemaMode":"async","valid":true,"schemaValidationErrorCount":-1,"serverlessProperties":{},"taskProperties":[{"@type":"taskProperty","name":"parameterFileDir","currentValue":"","type":"STRING","label":"label.parameterFileDir","required":false},{"@type":"taskProperty","name":"parameterFileName","currentValue":"","type":"STRING","label":"label.parameterFileName","required":false},{"@type":"taskProperty","name":"outboundMessageUrlQueueTime","currentValue":"","type":"NUMBER","label":"label.outboundMessageUrlQueueTime","required":false},{"@type":"taskProperty","name":"outboundMessageUrlToken","currentValue":"","type":"STRING","label":"label.outboundMessageUrlToken","required":false}],"optimizationPlan":"NONE","isMidstreamPreview":false,"allowMaxFieldLength":false,"specialCharacterSupport":false,"useUserDefinedOrder":false,"parameters":[{"@type":"mtTaskParameter","id":993879996,"name":"$Source$","type":"EXTENDED_SOURCE","label":"Src_Conn","description":"","uiProperties":{"cnxtype":"Oracle","connectionParameterized":"true","paramName":"Src_Conn","paramLabel":"","paramType-mapping":"Connection","logcnx":"Src_Conn","isSelectDistinct":"false","isMsrcFilterParameterized":"false","isMsrcSortParameterized":"false","objlabel":"Src_Obj","origobjlabel":"","objectParameterized":"true","objDesc":"","objectParamName":"Src_Obj","objectParamType-mapping":"DataObject","flags":"SUPPORTS_MULTI_SCHEMA","originalPath":"Source"},"sourceConnectionId":"@2A1WY95yfcXcz0TZJIVDwD","newFlatFile":false,"newObject":false,"showBusinessNames":true,"naturalOrder":true,"truncateTarget":false,"bulkApiDBTarget":false,"customFuncCfg":{"@type":"customFuncConfig","id":-1,"connections":[],"inputMap":[],"outputFields":[]},"targetRefsV2":{},"targetUpdateColumns":[],"fieldOrderList":[],"extendedObject":{"@type":"extendedObject","object":{"@type":"mObject","name":"MED_CASE","label":"MED_CASE","metadataUpdated":false,"relations":[],"children":[]},"singleMode":true,"objects":[{"@type":"mObject","name":"MED_CASE","label":"MED_CASE","metadataUpdated":false,"relations":[],"children":[]}],"filters":[],"sortFields":[]},"runtimeAttrs":{},"isRESTModernSource":true,"commandType":0,"isFileList":false,"handleSpecialChars":false,"handleDecimalRoundOff":false,"frsAsset":false,"dynamicFileName":false,"excludeDynamicFileNameField":false,"currentlyProcessedFileName":false,"retainFieldMetadata":false,"useExactSrcNames":false,"userUpdated":true,"fetchMode":"ORIGINAL","tgtObjectAttributes":{},"runtimeParameterData":{"@type":"mtTaskRuntimeParameterData","isConnectionRuntimeParameter":true,"isObjectRuntimeParameter":true,"connectionParameterName":"Src_Conn","objectParameterName":"Src_Obj","objectDefaultValue":"MED_CASE"},"overridableProperties":[],"overriddenFields":[]},{"@type":"mtTaskParameter","id":993879997,"name":"$Target$","type":"TARGET","label":"Trg_Conn","description":"","uiProperties":{"cnxtype":"Oracle","connectionParameterized":"true","paramName":"Trg_Conn","paramLabel":"","paramType-mapping":"Connection","logcnx":"Trg_Conn","objlabel":"Trg_Obj","origobjlabel":"","objectParameterized":"true","objDesc":"","objectParamName":"Trg_Obj","objectParamType-mapping":"DataObject","flags":"SUPPORTS_MULTI_SCHEMA","defaultTargetUpdateColumns":"","fieldMappingParameterized":"true","supportApplyDDLChanges":"false","originalPath":"Target"},"targetConnectionId":"@2A1WY95yfcXcz0TZJIVDwD","targetObject":"MED_REPRO","targetObjectLabel":"MED_REPRO","newFlatFile":false,"newObject":false,"showBusinessNames":true,"naturalOrder":true,"truncateTarget":false,"bulkApiDBTarget":false,"operationType":"Insert","customFuncCfg":{"@type":"customFuncConfig","id":-1,"connections":[],"inputMap":[],"outputFields":[]},"targetRefsV2":{},"targetUpdateColumns":[],"fieldOrderList":[],"extendedObject":{"@type":"extendedObject","singleMode":true,"filters":[],"sortFields":[]},"runtimeAttrs":{},"isRESTModernSource":true,"commandType":0,"isFileList":false,"handleSpecialChars":false,"handleDecimalRoundOff":false,"frsAsset":false,"dynamicFileName":false,"excludeDynamicFileNameField":false,"currentlyProcessedFileName":false,"retainFieldMetadata":false,"objectName":"MED_REPRO","objectLabel":"MED_REPRO","useExactSrcNames":false,"userUpdated":true,"fetchMode":"ORIGINAL","tgtObjectAttributes":{},"runtimeParameterData":{"@type":"mtTaskRuntimeParameterData","isConnectionRuntimeParameter":true,"isObjectRuntimeParameter":true,"connectionParameterName":"Trg_Conn","objectParameterName":"Trg_Obj","objectDefaultValue":"MED_REPRO"},"overridableProperties":[],"targetSchemaProviderType":"SELECTED_OBJECT","overriddenFields":[]},{"@type":"mtTaskParameter","id":993879998,"name":"$FM$","type":"STRING","text":"string (1, 0) ALERT=ALERT;","label":"FM","description":"","uiProperties":{"paramName":"FM","paramLabel":"","paramType-mapping":"FieldMapping","paramtype":"Fieldmap","supressFieldmappingSuffix":"true","lefttitle":"Incoming Fields","righttitle":"Target Fields","isPwxMultiGroupFieldMapping":"false","objlabel":"Target Field Group:","originalPath":"Target"},"newFlatFile":false,"newObject":false,"showBusinessNames":true,"naturalOrder":true,"truncateTarget":false,"bulkApiDBTarget":false,"customFuncCfg":{"@type":"customFuncConfig","id":-1,"connections":[],"inputMap":[],"outputFields":[]},"targetRefsV2":{},"targetUpdateColumns":[],"fieldOrderList":[],"runtimeAttrs":{},"isRESTModernSource":true,"commandType":0,"isFileList":false,"handleSpecialChars":false,"handleDecimalRoundOff":false,"frsAsset":false,"dynamicFileName":false,"excludeDynamicFileNameField":false,"currentlyProcessedFileName":false,"retainFieldMetadata":false,"useExactSrcNames":false,"userUpdated":true,"fetchMode":"ORIGINAL","tgtObjectAttributes":{},"runtimeParameterData":{"@type":"mtTaskRuntimeParameterData","isConnectionRuntimeParameter":false,"isObjectRuntimeParameter":false},"overridableProperties":[],"overriddenFields":[]}],"sequences":[],"inOutParameters":[],"connRuntimeAttrs":[]}]