[{"@type":"fileRecord","id":"@4","name":"metadata","type":"JSON","size":3937,"attachTime":1715854834000},{"@type":"fileRecord","id":"@5","name":"request","type":"XSD","size":8321,"attachTime":1715854834000},{"@type":"fileRecord","id":"@2","name":"extension","type":"XML","size":29377,"attachTime":1715854834000},{"@type":"fileRecord","id":"@6","name":"response","type":"XSD","size":8042,"attachTime":1715854834000},{"@type":"fileRecord","id":"@3","name":"fault","type":"XSD","size":6437,"attachTime":1715854834000}]