[{"@type":"mappingTemplate","id":"@1","name":"synapse_upsert","description":"","bundleVersion":"0","templateId":"@3","deployTime":1708696948000,"hasParameters":false,"valid":true,"fixedConnection":true,"hasParametersDeployed":false,"fixedConnectionDeployed":true,"isSchemaValidationEnabled":false,"tasks":0,"mappingPreviewFileRecordId":"@2","documentType":"MAPPING","references":[{"@type":"reference","refObjectId":"@6sHE96qPncAgFnxTF3IgiC","refType":"connection"},{"@type":"reference","refObjectId":"@aQUfbThlC7VeHRtb9AcGKP","refType":"connection"}]}]