[{"@type":"fileRecord","id":"@2","name":"extension","type":"XML","size":35713,"attachTime":1709626040000},{"@type":"fileRecord","id":"@4","name":"metadata","type":"JSON","size":9153,"attachTime":1709626040000},{"@type":"fileRecord","id":"@5","name":"request","type":"XSD","size":6469,"attachTime":1709626040000},{"@type":"fileRecord","id":"@6","name":"response","type":"XSD","size":16200,"attachTime":1709626040000},{"@type":"fileRecord","id":"@3","name":"fault","type":"XSD","size":6461,"attachTime":1709626040000}]