[{"@type":"mappingTemplate","id":"@1","name":"Salesforce_codepage_repro","description":"","bundleVersion":"0","templateId":"@3","deployTime":1709216530000,"hasParameters":false,"valid":true,"fixedConnection":true,"hasParametersDeployed":false,"fixedConnectionDeployed":true,"isSchemaValidationEnabled":false,"tasks":0,"mappingPreviewFileRecordId":"@2","documentType":"MAPPING","references":[{"@type":"reference","refObjectId":"@7Hyv5ii8SYxfQ2BV8cflKh","refType":"connection"},{"@type":"reference","refObjectId":"@agjvRHfjQMsc67TUvUEY8E","refType":"connection"}]}]