[{"@type":"mappingTemplate","id":"@1","name":"Ericsson_repro_2","description":"","bundleVersion":"0","templateId":"@3","deployTime":1711951997000,"hasParameters":false,"valid":true,"fixedConnection":true,"hasParametersDeployed":false,"fixedConnectionDeployed":true,"isSchemaValidationEnabled":false,"tasks":1,"mappingPreviewFileRecordId":"@2","documentType":"MAPPING","references":[{"@type":"reference","refObjectId":"@4Ld9miCtCFJfkxNxZaMDw5","refType":"businessService"},{"@type":"reference","refObjectId":"@4Ld9miCtCFJfkxNxZaMDw5@Ericsson_repro_2","refType":"businessOperation"},{"@type":"reference","refObjectId":"@aQUfbThlC7VeHRtb9AcGKP","refType":"connection"}]}]