[{"@type":"mappingTemplate","id":"@1","name":"Overriding_field_mapping","description":"","autoExpireObject":false,"bundleVersion":"0","assetFrsGuid":"1DP4tfHcmHLjtZUW57EVEo","templateId":"@3","deployTime":1740464045000,"hasParameters":true,"valid":true,"fixedConnection":false,"hasParametersDeployed":true,"fixedConnectionDeployed":false,"isSchemaValidationEnabled":false,"tasks":1,"mappingPreviewFileRecordId":"@2","documentType":"MAPPING","allowMaxFieldLength":false,"specialCharacterSupport":false,"references":[]}]