[{"@type":"mappingTemplate","id":"@1","name":"Arlo_pre_release","description":"","bundleVersion":"0","templateId":"@3","deployTime":1712137642000,"hasParameters":false,"valid":true,"fixedConnection":true,"hasParametersDeployed":false,"fixedConnectionDeployed":true,"isSchemaValidationEnabled":false,"tasks":1,"mappingPreviewFileRecordId":"@2","documentType":"MAPPING","references":[{"@type":"reference","refObjectId":"@aQUfbThlC7VeHRtb9AcGKP","refType":"connection"},{"@type":"reference","refObjectId":"@9aQfVEwC7A1cISfK9CbRWj","refType":"connection"}]}]