[{"@type":"fileRecord","id":"@2","name":"extension","type":"XML","size":45592,"attachTime":1713857143000},{"@type":"fileRecord","id":"@6","name":"response","type":"XSD","size":25020,"attachTime":1713857143000},{"@type":"fileRecord","id":"@3","name":"fault","type":"XSD","size":6437,"attachTime":1713857143000},{"@type":"fileRecord","id":"@4","name":"metadata","type":"JSON","size":15271,"attachTime":1713857143000},{"@type":"fileRecord","id":"@5","name":"request","type":"XSD","size":7569,"attachTime":1713857143000}]