[{"@type":"fileRecord","id":"@4","name":"metadata","type":"JSON","size":5570,"attachTime":1716979716000},{"@type":"fileRecord","id":"@5","name":"request","type":"XSD","size":7014,"attachTime":1716979716000},{"@type":"fileRecord","id":"@2","name":"extension","type":"XML","size":31959,"attachTime":1716979716000},{"@type":"fileRecord","id":"@6","name":"response","type":"XSD","size":11894,"attachTime":1716979716000},{"@type":"fileRecord","id":"@3","name":"fault","type":"XSD","size":6461,"attachTime":1716979716000}]