[{"@type":"fileRecord","id":"@2","name":"extension","type":"XML","size":27681,"attachTime":1741771547000},{"@type":"fileRecord","id":"@5","name":"request","type":"XSD","size":6683,"attachTime":1741771547000},{"@type":"fileRecord","id":"@4","name":"metadata","type":"JSON","size":2806,"attachTime":1741771547000},{"@type":"fileRecord","id":"@3","name":"fault","type":"XSD","size":6407,"attachTime":1741771547000},{"@type":"fileRecord","id":"@6","name":"response","type":"XSD","size":8004,"attachTime":1741771547000}]