[{"@type":"mappingTemplate","id":"@1","name":"04657306_repro","description":"","bundleVersion":"0","templateId":"@3","deployTime":1716358679000,"hasParameters":false,"valid":true,"fixedConnection":true,"hasParametersDeployed":false,"fixedConnectionDeployed":true,"isSchemaValidationEnabled":false,"tasks":1,"mappingPreviewFileRecordId":"@2","documentType":"MAPPING","references":[{"@type":"reference","refObjectId":"@aQUfbThlC7VeHRtb9AcGKP","refType":"connection"},{"@type":"reference","refObjectId":"@7vAOUzIzH7QgtTKYzrHNES","refType":"connection"}]}]