[{"@type":"mappingTemplate","id":"@1","name":"major release snowflake","description":"","bundleVersion":"0","templateId":"@3","deployTime":1712824975000,"hasParameters":false,"valid":false,"fixedConnection":true,"hasParametersDeployed":false,"fixedConnectionDeployed":true,"isSchemaValidationEnabled":false,"tasks":1,"mappingPreviewFileRecordId":"@2","documentType":"MAPPING","references":[{"@type":"reference","refObjectId":"@aQUfbThlC7VeHRtb9AcGKP","refType":"connection"},{"@type":"reference","refObjectId":"@7Hyv5ii8SYxfQ2BV8cflKh","refType":"connection"}]}]