[{"@type":"mappingTemplate","id":"@1","name":"04661534_BayWa_Repro","description":"","bundleVersion":"0","templateId":"@3","deployTime":1715929099000,"hasParameters":false,"valid":true,"fixedConnection":true,"hasParametersDeployed":false,"fixedConnectionDeployed":true,"isSchemaValidationEnabled":false,"tasks":0,"mappingPreviewFileRecordId":"@2","documentType":"MAPPING","references":[{"@type":"reference","refObjectId":"@aQUfbThlC7VeHRtb9AcGKP","refType":"connection"},{"@type":"reference","refObjectId":"@8paHOtmIz2MeS1PuEYuy2w","refType":"connection"}]}]