[{"@type":"mappingTemplate","id":"@1","name":"inout_notification","description":"","bundleVersion":"0","templateId":"@3","deployTime":1712765436000,"hasParameters":false,"valid":true,"fixedConnection":true,"hasParametersDeployed":false,"fixedConnectionDeployed":true,"isSchemaValidationEnabled":false,"tasks":1,"mappingPreviewFileRecordId":"@2","documentType":"MAPPING","references":[{"@type":"reference","refObjectId":"@0T86A7xJ8mlkPsfnZyqeIN","refType":"connection"},{"@type":"reference","refObjectId":"@aQUfbThlC7VeHRtb9AcGKP","refType":"connection"}]}]