[{"@type":"mappingTemplate","id":"@1","name":"Jim_Beam_Repro_without_parameter","description":"","bundleVersion":"0","templateId":"@3","deployTime":1714051934000,"hasParameters":false,"valid":true,"fixedConnection":true,"hasParametersDeployed":false,"fixedConnectionDeployed":true,"isSchemaValidationEnabled":false,"tasks":0,"mappingPreviewFileRecordId":"@2","documentType":"MAPPING","references":[{"@type":"reference","refObjectId":"@aQUfbThlC7VeHRtb9AcGKP","refType":"connection"},{"@type":"reference","refObjectId":"@ibtNVbEKu2Nbm8doL1wc8h@Jim_Beam_Repro","refType":"businessOperation"},{"@type":"reference","refObjectId":"@ibtNVbEKu2Nbm8doL1wc8h","refType":"businessService"},{"@type":"reference","refObjectId":"@ac0P3GXjJWCeIv1koqYkGA","refType":"connection"}]}]