[{"@type":"mappingTemplate","id":"@1","name":"Jim_Beam_Repro","description":"","bundleVersion":"0","templateId":"@3","deployTime":1714051271000,"hasParameters":true,"valid":true,"fixedConnection":true,"hasParametersDeployed":true,"fixedConnectionDeployed":true,"isSchemaValidationEnabled":false,"tasks":2,"mappingPreviewFileRecordId":"@2","documentType":"MAPPING","references":[{"@type":"reference","refObjectId":"@aQUfbThlC7VeHRtb9AcGKP","refType":"connection"},{"@type":"reference","refObjectId":"@ibtNVbEKu2Nbm8doL1wc8h","refType":"businessService"},{"@type":"reference","refObjectId":"@ibtNVbEKu2Nbm8doL1wc8h@Jim_Beam_Repro","refType":"businessOperation"},{"@type":"reference","refObjectId":"@ac0P3GXjJWCeIv1koqYkGA","refType":"connection"}]}]