[{"@type":"mappingTemplate","id":"@1","name":"m_DRMS_Device_Delta_Prod_Tier","description":"IMPORTANT NOTE : The RecordTypeID is different between the Test and Prod tiers.","autoExpireObject":false,"bundleVersion":"0","assetFrsGuid":"5SNQwdpwjSWhOztY15g2sK","templateId":"@3","deployTime":1737992662000,"hasParameters":false,"valid":true,"fixedConnection":true,"hasParametersDeployed":false,"fixedConnectionDeployed":true,"isSchemaValidationEnabled":false,"tasks":0,"mappingPreviewFileRecordId":"@2","documentType":"","allowMaxFieldLength":false,"specialCharacterSupport":false,"references":[{"@type":"reference","refObjectId":"@caWWILfKYy0b1zbalXJ7cj","refType":"connection"},{"@type":"reference","refObjectId":"@69DWSyVr2aPbg5ptFYnAop","refType":"connection"}]}]