[{"@type":"mappingTemplate","id":"@1","name":"connection_details","description":"","bundleVersion":"0","templateId":"@3","deployTime":1709626220000,"hasParameters":false,"valid":true,"fixedConnection":true,"hasParametersDeployed":false,"fixedConnectionDeployed":true,"isSchemaValidationEnabled":false,"tasks":0,"mappingPreviewFileRecordId":"@2","documentType":"MAPPING","references":[{"@type":"reference","refObjectId":"@aQUfbThlC7VeHRtb9AcGKP","refType":"connection"},{"@type":"reference","refObjectId":"@7TbxI6xQaCFhhxVNOVsgeI","refType":"connection"},{"@type":"reference","refObjectId":"@aw8k1DP1nGjjWqt04ew02l@connection_details","refType":"businessOperation"},{"@type":"reference","refObjectId":"@aw8k1DP1nGjjWqt04ew02l","refType":"businessService"}]}]