[{"@type":"mappingTemplate","id":"@1","name":"dynamic_business_service","description":"","bundleVersion":"0","templateId":"@3","deployTime":1709275324000,"hasParameters":false,"valid":true,"fixedConnection":true,"hasParametersDeployed":false,"fixedConnectionDeployed":true,"isSchemaValidationEnabled":false,"tasks":0,"mappingPreviewFileRecordId":"@2","documentType":"MAPPING","references":[{"@type":"reference","refObjectId":"@1UAoSqTLaWjjhp4AXOyQWM","refType":"businessService"},{"@type":"reference","refObjectId":"@1UAoSqTLaWjjhp4AXOyQWM@dynamic_business_service","refType":"businessOperation"},{"@type":"reference","refObjectId":"@aQUfbThlC7VeHRtb9AcGKP","refType":"connection"}]}]