[{"@type":"mappingTemplate","id":"@1","name":"FG_Repro","description":"","bundleVersion":"0","templateId":"@3","deployTime":1718282280000,"hasParameters":false,"valid":true,"fixedConnection":true,"hasParametersDeployed":false,"fixedConnectionDeployed":true,"isSchemaValidationEnabled":false,"tasks":1,"mappingPreviewFileRecordId":"@2","documentType":"MAPPING","references":[{"@type":"reference","refObjectId":"@6nnDRZNaHCvbelVzgNEqSF","refType":"businessService"},{"@type":"reference","refObjectId":"@6nnDRZNaHCvbelVzgNEqSF@mdm_API_Sample","refType":"businessOperation"},{"@type":"reference","refObjectId":"@aQUfbThlC7VeHRtb9AcGKP","refType":"connection"},{"@type":"reference","refObjectId":"@6ptyH9islcndEqxMNoTfQ2@mpattewar_Login_V3","refType":"businessOperation"},{"@type":"reference","refObjectId":"@6ptyH9islcndEqxMNoTfQ2","refType":"businessService"}]}]