[{"@type":"mappingTemplate","id":"@1","name":"Mapping_incrementalload_sf1","description":"","autoExpireObject":false,"bundleVersion":"0","assetFrsGuid":"2nVtHBgmFzng8c9RDzoo2J","templateId":"@3","deployTime":1739532317000,"hasParameters":false,"valid":true,"fixedConnection":true,"hasParametersDeployed":false,"fixedConnectionDeployed":true,"isSchemaValidationEnabled":false,"tasks":1,"mappingPreviewFileRecordId":"@2","documentType":"MAPPING","references":[{"@type":"reference","refObjectId":"@jlmM0zLXLgQknageoAkWIj","refType":"connection"},{"@type":"reference","refObjectId":"@k9kKAm10F8FjR8jiLoHjSz","refType":"connection"},{"@type":"reference","refObjectId":"@1fkhFAS14cMgutSBIfecGy","refType":"connection"}]}]