[{"@type":"fileRecord","id":"@2","name":"extension","type":"XML","size":30013,"attachTime":1708661983000},{"@type":"fileRecord","id":"@6","name":"response","type":"XSD","size":9837,"attachTime":1708661983000},{"@type":"fileRecord","id":"@3","name":"fault","type":"XSD","size":6449,"attachTime":1708661983000},{"@type":"fileRecord","id":"@4","name":"metadata","type":"JSON","size":4355,"attachTime":1708661983000},{"@type":"fileRecord","id":"@5","name":"request","type":"XSD","size":7157,"attachTime":1708661983000}]