[{"@type":"fileRecord","id":"@2","name":"extension","type":"XML","size":27600,"attachTime":1709274935000},{"@type":"fileRecord","id":"@4","name":"metadata","type":"JSON","size":3059,"attachTime":1709274935000},{"@type":"fileRecord","id":"@3","name":"fault","type":"XSD","size":6497,"attachTime":1709274935000},{"@type":"fileRecord","id":"@5","name":"request","type":"XSD","size":6459,"attachTime":1709274935000},{"@type":"fileRecord","id":"@6","name":"response","type":"XSD","size":8290,"attachTime":1709274935000}]