[{"@type":"mappingTemplate","id":"@1","name":"m_Procedure_Date_Time","description":"","autoExpireObject":false,"bundleVersion":"0","assetFrsGuid":"lGchgdWxD29eGZxInZYs0S","templateId":"@3","deployTime":1741844897000,"hasParameters":false,"valid":true,"fixedConnection":true,"hasParametersDeployed":false,"fixedConnectionDeployed":true,"isSchemaValidationEnabled":false,"tasks":0,"mappingPreviewFileRecordId":"@2","documentType":"MAPPING","references":[{"@type":"reference","refObjectId":"@1MukXT3JbqEeBVkpuJ6reg","refType":"connection"},{"@type":"reference","refObjectId":"@0LLzuoZQp5ndAvag8sh9se","refType":"connection"}]}]