[{"@type":"mappingTemplate","id":"@1","name":"TM_Datatype_issue","description":"","autoExpireObject":false,"bundleVersion":"0","assetFrsGuid":"bchBipjcPSAcQix8i6ZPS1","templateId":"@3","deployTime":1738913480000,"hasParameters":true,"valid":true,"fixedConnection":true,"hasParametersDeployed":true,"fixedConnectionDeployed":true,"isSchemaValidationEnabled":false,"tasks":1,"mappingPreviewFileRecordId":"@2","documentType":"MAPPING","references":[{"@type":"reference","refObjectId":"@2A1WY95yfcXcz0TZJIVDwD","refType":"connection"}]}]