[{"@type":"mappingTemplate","id":"@1","name":"Damac_Swagger_GraphQL_Issue","description":"","bundleVersion":"0","templateId":"@3","deployTime":1683179619000,"hasParameters":false,"valid":true,"fixedConnection":true,"hasParametersDeployed":false,"fixedConnectionDeployed":true,"isSchemaValidationEnabled":false,"tasks":1,"mappingPreviewFileRecordId":"@2","documentType":"MAPPING","references":[{"@type":"reference","refObjectId":"@69DWSyVr2aPbg5ptFYnAop","refType":"connection"},{"@type":"reference","refObjectId":"@fa5mdiFdsUWc07ytkCXs6x@DrupalID_GraphQL","refType":"businessOperation"},{"@type":"reference","refObjectId":"@fa5mdiFdsUWc07ytkCXs6x","refType":"businessService"}]}]